study_hours,attendance,marks,assignments,sleep_hours,internet_usage,performance
7,88,71,73,4,1,1
4,99,72,70,5,2,1
8,50,71,71,4,3,0
5,60,95,62,8,1,1
7,91,84,79,4,1,0
3,94,77,92,5,4,1
7,92,51,66,6,2,1
8,65,56,88,4,2,1
5,43,96,77,7,3,0
4,73,42,34,6,2,0
8,91,74,77,7,1,1
8,87,39,32,7,2,0
3,99,38,76,7,2,0
6,57,83,91,4,5,1
5,79,56,43,8,1,0
2,74,63,92,6,2,0
8,80,30,90,5,2,1
6,68,61,60,8,4,0
2,91,96,46,4,2,1
5,68,49,53,7,2,0
1,77,64,52,5,5,0
6,81,46,79,6,1,0
9,60,47,99,8,3,0
1,81,74,56,8,1,0
3,52,82,44,5,4,0
7,88,97,79,4,1,1
4,80,94,65,6,2,1
9,56,30,37,5,4,0
3,95,87,32,7,1,1
5,48,55,91,6,4,0
3,80,49,76,8,3,1
7,40,39,90,5,1,0
5,41,88,61,8,2,0
9,99,70,42,8,4,1
7,87,34,30,8,5,0
2,68,94,63,4,4,0
4,72,46,91,8,5,0
9,49,51,60,7,2,0
2,89,70,93,7,3,0
9,97,97,54,6,5,1
5,99,98,67,8,3,1
2,79,40,43,8,4,0
4,60,85,37,5,2,1
7,67,80,83,4,5,1
8,50,50,31,6,4,0
3,94,55,85,8,1,0
1,73,48,90,5,4,0
4,47,89,51,4,3,1
2,98,76,64,6,2,0
8,61,55,45,6,2,0
4,47,69,79,8,4,1
2,88,34,72,6,1,1
6,54,50,46,5,3,0
6,56,33,87,6,4,0
4,99,52,31,7,4,0
6,62,44,33,5,2,0
2,63,37,68,4,3,0
2,84,70,35,4,1,0
4,58,48,98,8,2,1
8,44,75,98,8,4,1
7,71,57,49,7,2,1
9,83,97,93,4,2,1
8,40,44,45,4,5,0
5,62,66,80,4,2,0
2,76,30,66,4,2,0
5,47,96,98,6,3,0
8,52,53,71,5,2,1
9,47,56,86,5,1,1
9,96,69,95,7,4,0
1,62,92,38,6,3,1
9,82,90,93,4,2,1
7,40,65,51,4,1,1
9,84,53,63,8,4,0
8,90,53,84,8,3,1
1,63,33,58,7,1,0
8,74,96,67,4,2,1
8,63,63,47,7,5,1
3,56,86,94,6,5,1
1,44,78,30,5,3,0
8,59,82,33,4,1,1
3,60,52,33,6,4,0
3,79,98,56,4,1,0
1,97,82,72,8,5,0
5,70,91,88,7,3,0
7,85,70,61,8,2,1
9,75,86,62,5,1,1
7,50,89,57,8,5,1
9,91,83,84,4,4,1
8,54,99,89,8,3,1
2,58,86,99,4,2,1
1,46,39,91,5,1,0
7,90,69,63,8,4,1
7,67,36,85,7,2,0
8,90,67,42,7,5,0
5,82,90,85,7,5,1
3,97,32,47,8,4,0
8,44,80,83,8,5,0
6,44,76,72,8,3,1
3,69,97,68,4,4,1
1,93,67,90,5,5,1
3,71,65,71,7,1,0
5,47,70,47,4,5,0
3,49,98,52,7,3,1
1,77,42,83,4,2,0
5,86,87,59,8,2,1
7,71,79,87,7,5,1
7,87,59,97,8,2,1
9,67,91,96,7,5,1
3,56,54,47,6,3,0
7,70,56,36,4,2,0
1,47,80,69,6,1,0
4,79,86,99,4,5,0
4,64,76,94,5,2,1
5,48,68,97,7,3,0
7,41,45,78,5,3,0
7,54,51,81,5,1,0
4,89,83,58,4,3,0
7,42,50,50,6,3,0
3,88,45,38,8,2,0
6,75,88,76,4,5,1
2,43,60,71,8,4,0
9,53,71,80,5,3,0
5,80,61,85,8,3,1
6,80,88,80,6,4,0
4,64,63,99,4,3,1
7,97,38,49,6,2,1
9,94,40,56,6,2,1
7,89,39,67,4,4,0
1,49,46,94,6,3,0
1,60,97,83,7,3,1
9,75,77,53,7,5,1
9,51,81,76,7,3,0
4,66,54,92,8,2,1
9,79,50,86,6,1,1
3,41,94,84,4,1,0
7,93,92,89,4,1,1
6,52,80,91,8,1,1
8,92,65,59,4,3,1
9,71,95,51,7,3,1
5,70,44,58,6,5,0
1,55,68,70,4,3,0
3,71,99,71,4,1,1
8,71,30,94,5,4,0
6,99,52,60,5,4,0
8,73,68,59,5,2,1
9,50,86,47,6,2,1
4,49,63,46,7,3,0
1,54,70,67,7,4,0
1,56,42,43,7,1,0
4,79,99,85,6,1,1
7,57,35,51,6,1,0
2,94,81,96,5,3,0
3,48,32,85,4,3,0
1,64,92,48,8,5,0
5,79,78,86,8,1,1
1,98,76,73,4,1,1
8,53,84,64,5,3,0
1,99,93,30,4,3,0
1,97,94,81,4,5,1
2,64,96,99,8,5,0
2,89,44,66,5,2,0
6,61,61,94,6,4,0
7,91,97,80,8,1,1
5,69,47,30,6,1,0
1,59,72,50,5,5,0
1,60,64,82,4,5,0
3,83,87,45,7,2,1
2,71,62,90,7,4,0
5,90,43,83,5,2,1
6,85,63,69,7,4,1
7,88,90,55,6,1,1
4,95,33,94,7,2,1
7,60,88,93,5,5,0
8,74,58,72,5,2,1
1,97,35,46,6,2,0
6,71,78,88,7,1,1
8,69,69,52,7,5,0
5,94,94,36,4,5,1
4,78,98,73,8,3,1
2,88,56,82,5,3,1
6,51,35,63,4,3,0
6,80,42,75,5,1,1
1,86,93,97,4,2,1
9,57,91,45,8,5,1
6,60,48,48,4,5,0
3,52,72,31,5,2,0
4,60,49,39,7,5,0
4,47,97,79,5,2,1
3,85,73,41,6,1,1
3,79,52,99,6,1,1
3,85,31,51,6,1,0
4,46,51,61,6,2,0
7,62,86,30,8,2,0
4,83,36,83,7,4,1
9,71,85,87,7,5,1
1,50,96,99,5,5,1
8,61,45,47,4,4,0
7,61,80,35,5,4,0
2,82,41,74,5,1,0
8,64,82,52,5,4,1
1,61,34,52,5,2,0
9,67,56,55,7,3,1
9,68,41,36,4,2,0
2,52,46,73,5,4,0
7,57,35,56,7,5,1
3,41,34,55,5,2,0
7,68,86,65,6,5,1
9,60,57,84,5,2,0
4,54,98,93,5,5,1
1,91,88,86,8,2,1
2,66,62,98,6,5,0
1,89,91,90,4,3,1
5,70,79,31,5,1,0
5,54,48,84,4,2,0
7,90,98,67,6,3,1
9,62,95,58,5,1,1
9,63,76,55,8,2,0
3,83,68,64,7,3,1
3,52,97,96,8,3,1
3,61,62,58,8,3,1
4,82,42,63,7,4,0
8,76,83,70,7,5,0
6,72,36,70,7,1,1
8,95,43,52,5,5,0
1,42,48,32,4,5,0
8,93,83,87,4,5,1
4,58,49,61,7,3,1
1,62,58,60,8,5,0
8,68,53,72,6,4,0
4,69,92,36,7,2,0
6,78,86,30,8,3,1
8,83,37,90,8,1,1
4,86,91,43,5,2,1
3,64,58,81,5,2,1
9,76,46,35,4,2,1
3,86,95,39,4,5,0
9,47,35,59,6,5,0
2,81,87,50,6,3,1
2,97,98,89,6,5,0
2,55,57,92,6,5,0
6,47,91,71,8,5,1
3,40,70,80,8,3,0
9,83,98,93,4,3,1
4,44,70,85,5,4,0
1,42,78,70,5,4,0
4,40,78,61,7,4,1
1,43,32,44,8,4,0
5,79,39,91,6,2,0
4,74,64,56,6,2,0
8,71,31,57,7,4,0
8,81,53,93,5,4,1
7,73,67,88,6,1,1
3,82,51,87,5,2,1
1,64,55,31,7,1,0
1,49,72,65,5,1,0
3,60,84,42,5,5,0
6,85,68,44,5,3,1
7,78,58,89,6,2,1
6,66,49,51,4,4,0
6,66,70,92,8,4,1
6,41,83,54,5,3,1
3,80,49,77,5,2,0
6,87,48,72,5,4,1
8,52,95,67,4,4,1
2,48,59,70,7,5,0
5,91,82,74,6,1,1
1,75,63,69,4,4,0
1,61,51,46,5,2,1
5,81,96,86,4,3,1
3,65,35,31,4,5,0
4,97,56,91,4,2,0
3,93,39,38,7,5,0
1,51,77,97,8,1,1
1,56,99,46,6,4,0
5,53,88,79,7,2,1
6,53,88,69,7,3,1
3,96,31,87,8,1,0
9,73,58,50,7,1,1
5,92,97,47,4,5,1
8,96,94,84,4,1,1
1,59,55,58,5,2,0
5,50,39,53,7,5,0
3,55,82,46,5,1,0
1,90,88,47,6,3,1
4,70,51,71,4,2,0
5,94,80,74,6,3,1
7,45,77,46,8,3,0
1,95,50,43,4,5,0
3,58,51,78,6,4,0
2,76,59,58,8,5,0
9,97,54,33,6,2,1
6,43,57,49,8,2,0
3,86,94,76,8,5,0
8,43,74,38,4,4,0
8,59,97,56,5,5,1
2,49,36,44,8,2,0
6,63,78,48,8,4,1
7,93,38,81,4,2,1
2,74,65,55,5,4,1
2,65,30,55,7,4,0
1,76,39,55,7,5,0
8,77,65,75,5,5,1
1,60,75,78,6,5,1
9,93,61,82,4,4,0
6,79,61,32,5,4,0
7,78,35,95,7,2,1
7,60,77,71,8,3,1
3,49,67,48,7,5,0
2,77,46,46,8,2,0
9,85,56,62,4,2,1
8,43,83,78,8,1,1
7,99,79,85,5,5,1
9,96,64,92,8,2,1
4,84,54,32,6,1,0
4,59,57,78,5,5,0
1,56,44,84,4,4,0
8,94,33,55,5,1,1
3,46,56,81,6,4,0
7,43,55,36,4,3,0
2,68,48,75,7,3,1
2,53,46,75,6,3,0
7,42,72,45,4,3,0
6,63,70,53,8,2,1
3,76,71,90,5,3,1
9,55,79,83,4,2,0
6,97,69,91,5,2,1
6,94,68,30,8,5,1
1,91,52,78,4,2,0
4,43,81,54,7,2,0
6,95,76,39,6,3,0
6,63,92,45,4,2,1
5,73,98,87,8,4,0
1,69,72,58,4,3,1
8,57,77,35,5,1,1
5,58,63,45,4,3,0
5,70,69,49,7,2,0
7,99,90,72,4,4,1
4,99,79,55,6,3,1
6,58,96,62,4,4,0
4,88,91,55,5,1,1
3,85,87,74,4,1,0
7,58,62,92,7,5,1
8,61,45,96,8,5,1
4,63,77,81,4,3,0
2,84,39,97,4,5,0
3,51,67,55,6,4,0
1,69,48,31,7,5,0
8,97,65,43,8,4,1
3,77,88,59,5,5,0
7,92,92,78,4,5,1
5,70,75,41,8,5,0
5,75,32,73,5,2,0
7,58,94,62,7,2,1
9,87,37,42,7,5,0
5,84,80,55,8,4,0
1,75,35,50,5,3,1
1,69,68,57,7,1,0
2,94,89,77,8,2,1
6,88,57,69,7,5,0
9,94,83,95,7,1,1
8,72,66,52,7,2,1
5,57,38,77,6,3,0
1,91,85,31,5,4,0
7,88,88,49,8,5,1
5,98,31,88,8,3,0
6,67,90,75,5,2,1
7,98,87,32,5,5,1
3,86,89,84,5,1,1
3,50,69,41,5,4,0
5,96,65,69,4,2,0
6,99,66,95,8,4,1
9,93,47,45,4,5,0
5,84,92,63,7,3,0
1,72,51,73,7,4,1
4,56,40,35,8,1,0
5,45,87,93,7,2,1
5,43,86,51,5,1,0
7,59,33,47,4,4,0
4,87,36,41,5,3,1
1,86,90,81,7,3,1
5,66,83,80,4,1,1
7,54,97,77,5,5,1
6,45,30,48,8,5,0
5,86,84,35,5,3,0
4,53,32,56,7,1,0
2,99,67,82,4,1,0
4,50,30,77,8,1,0
3,78,67,36,4,4,0
1,48,58,88,8,5,0
8,65,34,98,4,5,1
5,55,50,40,7,4,0
4,44,96,44,8,2,0
8,96,76,93,6,4,0
7,91,64,32,4,1,0
2,49,97,98,4,4,0
1,89,98,52,5,1,1
4,42,30,82,8,3,0
8,52,97,66,6,1,0
2,82,41,38,7,5,0
3,88,89,44,5,4,0
1,69,56,32,6,1,0
1,93,85,99,8,2,1
3,84,52,46,6,3,0
5,45,54,55,4,2,0
3,56,50,50,4,2,0
1,98,90,50,5,2,0
1,84,92,40,8,3,0
8,90,81,67,8,3,0
2,92,54,64,6,3,0
3,58,84,43,5,3,1
2,81,75,43,8,2,0
3,74,61,39,4,5,0
7,85,84,41,6,5,1
1,65,34,67,7,3,0
8,90,65,63,4,4,0
2,44,78,70,5,1,1
3,68,87,39,8,4,0
9,76,68,46,4,4,0
7,59,90,46,7,4,1
4,88,38,96,7,5,0
5,60,35,91,5,1,0
2,49,64,30,4,4,0
8,44,68,41,6,3,0
4,75,51,33,4,5,0
9,45,70,71,7,3,0
5,65,34,42,5,3,0
9,43,71,33,5,4,0
4,78,96,98,6,3,1
5,78,59,48,5,1,0
9,89,86,31,5,3,1
8,74,58,41,5,4,1
3,40,66,35,5,3,0
1,63,42,37,5,5,0
3,96,61,80,7,5,0
4,75,75,40,4,5,0
2,45,52,92,8,2,0
1,80,74,86,5,5,0
7,93,46,41,8,5,1
8,85,95,31,8,2,1
7,99,35,37,7,5,0
5,83,47,40,5,4,0
1,99,51,82,8,5,0
7,96,62,39,5,5,0
7,70,59,37,6,2,1
9,59,61,65,6,4,0
3,63,71,43,6,3,0
9,64,39,83,8,1,0
1,75,65,50,6,4,0
1,60,63,79,7,3,0
4,69,57,68,7,4,0
9,63,40,49,8,3,0
6,83,68,36,5,3,1
3,81,76,38,4,4,1
1,69,48,30,5,2,0
4,61,44,55,5,4,0
9,67,57,67,5,4,0
3,46,53,67,5,3,1
9,74,38,90,4,1,0
7,94,76,73,6,3,1
4,67,62,73,5,5,1
3,53,91,91,7,4,0
5,95,48,35,8,4,0
5,49,96,46,8,2,1
3,55,69,80,7,3,0
9,55,76,67,5,2,1
4,93,94,53,4,4,0
5,70,58,80,6,3,0
4,81,79,39,8,3,0
5,64,42,50,6,5,0
7,52,30,99,4,5,0
9,45,63,86,8,1,1
7,83,77,68,6,5,1
5,48,77,62,4,3,0
7,84,78,88,6,5,1
5,75,93,47,5,1,0
3,95,90,85,4,4,0
7,82,58,86,6,5,1
2,59,68,77,5,3,0
9,57,55,71,5,4,1
1,97,46,56,4,3,0
6,82,42,81,7,4,1
7,96,98,71,8,3,1
8,60,55,61,4,5,1
9,43,78,55,5,5,1
2,89,96,54,5,1,1
2,72,36,52,4,4,0
5,66,87,86,7,1,1
5,46,78,81,8,2,0
6,45,82,60,6,5,0
3,54,94,93,4,4,0
8,57,91,62,8,1,1
1,71,46,31,8,1,0
6,95,72,47,5,2,1
4,50,54,76,6,1,0
1,59,32,62,4,3,0
7,63,58,64,5,5,1
9,54,61,80,5,1,0
4,87,55,47,7,1,0
4,46,45,59,8,2,0
6,60,54,73,4,3,0
3,81,83,82,4,1,0
6,65,57,39,4,5,0
7,83,85,81,5,5,1
3,95,94,78,7,1,1
7,53,70,40,6,3,0
3,96,80,95,5,5,1
2,76,58,87,6,5,1
4,97,48,65,7,3,0
8,60,95,62,8,3,1
9,57,70,76,4,1,1
7,44,74,42,6,4,0
1,42,44,69,5,2,0
3,62,32,97,6,4,0
9,65,40,71,8,4,1
1,76,82,48,4,5,0
9,63,75,48,6,3,0
8,88,59,87,8,5,1
1,58,86,52,5,2,0
6,90,47,83,7,1,1
5,64,80,94,5,2,1
6,60,77,41,4,5,0
5,51,95,53,5,5,0
6,96,37,63,5,5,0
5,80,51,82,5,5,1
5,72,35,37,5,4,0
4,89,86,47,4,1,1
3,92,65,86,8,4,1
3,43,86,34,6,5,0
4,81,78,55,7,3,0
9,96,74,59,6,4,1
2,46,95,83,6,5,0
9,61,74,42,7,5,1
1,94,49,58,4,1,0
1,72,93,32,7,2,1
5,56,96,87,4,4,0
6,63,32,31,6,4,0
6,73,83,57,4,4,0
3,67,93,31,8,5,0
7,97,69,36,7,1,1
9,82,88,55,8,5,1
8,80,84,45,6,5,1
6,78,91,52,7,3,0
8,61,33,69,6,1,0
5,88,89,89,8,4,1
8,56,59,61,6,2,0
4,73,31,44,7,4,1
8,45,91,42,7,5,1
2,85,78,34,6,1,0
5,45,38,81,7,1,1
9,73,60,70,7,1,1
4,40,90,82,6,3,1
6,49,77,79,8,4,0
1,60,54,44,7,3,0
9,44,65,36,7,2,0
1,41,37,69,7,5,0
5,61,87,57,7,3,1
4,87,74,61,6,3,0
3,96,91,44,8,5,0
6,41,68,99,8,1,0
2,49,87,94,4,5,0
3,73,93,33,7,4,0
5,55,73,40,7,5,0
9,87,58,55,4,1,1
2,90,88,90,8,5,1
8,78,38,66,5,3,0
2,61,35,52,5,2,0
5,51,58,69,8,3,1
7,63,87,52,7,2,1
8,86,46,45,5,5,0
1,79,45,90,6,4,1
6,77,32,97,6,5,0
1,99,50,60,4,1,0
2,98,93,82,8,5,1
1,49,65,54,8,2,0
5,74,91,73,5,3,0
9,90,71,41,7,4,1
6,88,71,38,8,5,1
1,71,90,41,5,5,0
1,46,42,98,5,3,0
2,60,40,83,8,4,0
9,59,83,83,5,5,0
3,65,45,57,4,5,0
1,43,37,85,4,2,0
5,85,88,98,8,2,0
7,91,86,87,7,1,1
6,61,69,71,4,3,1
1,54,88,67,4,4,0
5,95,31,97,8,5,1
5,79,39,82,6,5,1
6,60,73,62,5,1,0
3,54,40,85,4,5,0
5,61,31,80,6,3,0
7,91,79,72,7,1,1
5,67,41,44,6,3,0
5,53,52,67,8,1,0
5,66,47,44,7,5,0
3,80,91,34,7,1,1
1,79,91,83,6,2,1
5,97,67,80,8,4,1
9,67,96,39,4,5,0
1,65,67,41,6,4,0
3,88,96,33,4,5,0
4,41,90,47,6,4,0
1,64,30,65,4,2,0
1,95,74,54,6,4,1
8,42,57,65,7,1,1
2,47,50,96,5,4,0
8,83,42,38,7,5,0
7,72,56,90,4,3,0
2,81,36,82,8,4,0
6,91,51,47,7,4,0
6,74,82,72,5,4,0
3,45,33,64,4,5,0
2,78,52,92,7,4,1
1,91,99,33,6,5,0
6,62,62,70,8,5,0
5,64,57,74,4,3,1
9,98,37,79,7,1,1
1,89,30,57,4,5,0
7,82,66,71,6,2,0
5,58,92,98,5,4,1
5,44,51,30,7,2,0
2,90,99,68,4,4,1
3,50,50,46,4,3,0
7,95,64,64,4,5,0
6,51,34,75,5,1,0
2,49,89,71,4,5,0
6,47,75,68,8,4,0
2,63,79,78,8,1,1
2,99,77,91,4,5,1
2,67,35,67,8,1,0
3,80,85,52,7,4,1
2,75,88,51,8,3,0
4,76,58,33,4,3,0
9,60,47,78,6,5,0
6,47,31,88,7,2,0
1,94,37,97,5,4,0
8,48,83,31,4,5,0
7,86,67,78,5,5,0
3,54,77,60,6,3,0
1,87,56,69,5,1,0
5,85,49,77,4,4,0
4,79,41,80,4,1,0
8,57,72,72,6,4,0
1,81,90,84,4,2,1
1,99,60,78,6,3,0
4,59,90,86,6,2,1
8,45,96,44,4,5,0
5,51,64,56,8,3,1
2,41,44,97,6,5,0
6,46,45,93,4,2,0
5,55,42,59,8,4,0
2,42,64,65,6,5,0
3,84,88,96,8,1,1
9,42,50,78,7,4,0
7,66,83,84,7,4,0
7,89,59,85,8,2,0
6,82,77,97,6,2,1
8,79,64,73,4,3,0
4,77,67,60,5,3,0
8,72,60,87,4,1,0
4,67,53,82,5,4,0
8,40,78,52,5,1,1
9,94,61,57,6,1,1
3,47,84,45,8,2,0
3,76,87,66,4,1,1
2,71,32,50,8,1,1
3,99,98,46,7,5,1
3,87,39,66,6,3,0
5,82,54,48,6,3,0
5,76,97,59,7,4,1
2,43,90,74,4,3,1
6,69,58,47,7,4,1
5,45,48,91,4,5,0
6,85,72,65,5,3,0
1,93,95,81,6,5,1
5,58,90,48,4,3,1
9,71,72,73,8,3,1
2,48,54,36,8,5,0
1,51,49,73,6,1,0
9,50,77,97,7,1,1
9,85,53,63,7,1,1
9,94,40,95,4,1,1
6,55,84,98,7,3,1
8,40,57,84,6,2,1
1,84,98,39,4,5,0
4,94,92,71,5,2,0
1,92,88,70,7,2,0
8,60,34,98,7,4,1
1,69,80,39,4,1,0
3,52,50,39,8,3,0
4,73,41,89,7,1,1
8,43,79,80,6,1,1
6,67,33,50,7,2,0
7,77,71,37,5,4,1
8,97,67,94,7,1,1
2,70,54,59,8,5,0
8,98,43,78,7,5,0
3,94,61,38,4,1,0
7,66,40,46,7,2,1
3,44,90,98,8,2,1
7,64,47,87,4,3,0
2,42,56,86,6,4,0
6,72,84,91,4,2,0
3,43,83,81,5,3,1
3,64,50,90,4,5,0
9,59,73,69,6,5,0
7,73,34,67,7,5,1
5,65,70,72,4,1,0
7,44,88,92,4,4,0
9,74,83,48,4,3,0
1,67,51,79,4,4,1
7,68,94,62,6,1,1
6,48,93,42,8,3,0
9,91,33,91,8,3,1
1,77,94,72,4,2,0
4,89,44,78,6,4,0
9,45,51,65,6,4,1
4,58,76,39,4,2,0
3,99,75,35,5,5,0
9,83,43,86,4,1,1
2,96,79,30,5,4,0
4,50,49,87,4,2,0
6,41,79,50,5,3,1
2,86,62,85,5,2,0
8,83,88,49,4,5,0
8,83,72,83,5,1,1
1,48,41,54,7,5,0
3,60,69,57,8,3,0
9,63,49,34,6,3,0
5,73,67,50,5,3,0
6,61,32,47,5,3,0
4,42,57,76,6,2,1
2,51,85,99,5,3,1
8,67,42,86,6,3,0
6,69,95,48,4,2,0
5,65,66,94,7,3,1
9,87,78,32,7,5,0
1,60,95,71,8,5,0
5,67,65,50,5,4,0
6,95,83,69,8,5,0
5,65,55,96,4,1,0
6,72,69,54,7,1,1
6,60,72,84,4,1,1
7,74,51,81,4,2,1
4,91,49,73,5,5,1
8,73,37,85,4,1,0
7,80,58,84,7,4,1
9,90,69,99,8,2,1
7,86,59,95,7,4,0
3,57,84,48,5,5,0
3,97,45,36,7,3,0
8,50,75,92,6,4,0
5,96,91,71,8,3,0
4,62,36,71,6,2,0
8,87,74,88,6,4,1
6,61,88,49,5,4,1
2,56,85,46,4,2,0
4,44,77,56,6,2,0
4,83,56,76,7,1,1
6,50,82,31,4,5,0
6,69,64,92,7,4,1
1,54,80,91,7,4,0
8,66,66,48,4,2,1
6,74,86,46,4,2,1
3,72,37,98,7,5,0
9,59,49,68,5,2,0
2,55,82,68,8,3,0
8,73,41,65,8,3,0
3,41,78,69,5,3,0
5,74,46,74,4,3,0
6,79,93,33,7,5,1
6,95,71,54,8,4,1
4,67,58,98,7,3,0
3,86,48,59,5,2,0
4,78,40,97,7,3,1
1,45,79,58,5,5,0
4,48,87,97,4,2,0
1,59,63,80,5,3,0
1,99,49,53,5,4,0
6,40,79,43,8,2,0
5,47,39,98,7,2,0
4,94,61,47,8,4,0
3,62,81,71,6,2,1
1,42,44,86,5,3,0
6,43,32,41,6,2,0
2,97,66,46,8,3,0
8,64,69,59,7,4,0
5,86,69,52,8,1,1
7,77,85,30,7,4,0
2,54,52,61,7,3,0
8,60,40,38,4,5,0
2,74,93,44,5,4,0
4,96,37,57,8,5,0
1,92,85,53,7,5,0
5,92,89,89,8,3,1
9,85,39,64,8,3,1
1,91,68,56,7,1,1
9,53,57,49,6,2,0
8,75,78,94,5,4,1
6,51,65,78,5,3,0
7,56,42,30,4,4,0
3,78,65,39,4,5,0
1,48,55,76,4,2,0
5,74,33,88,5,1,1
2,99,93,91,6,4,1
5,52,67,47,5,2,1
8,54,51,75,5,1,0
9,57,31,61,5,4,1
2,90,60,56,5,2,0
3,72,40,47,6,3,0
3,45,75,68,4,4,0
1,98,91,78,8,2,0
8,66,98,73,4,1,0
6,62,93,83,4,2,1
8,98,39,63,8,3,0
9,66,69,65,5,4,0
5,73,53,47,6,4,1
3,95,73,67,6,4,1
5,85,89,88,4,3,1
5,77,91,38,8,1,1
5,53,46,80,7,4,0
3,75,94,64,5,1,1
4,92,86,34,4,2,0
9,47,84,43,6,1,1
9,74,82,59,8,1,1
2,58,85,33,8,4,0
8,69,38,68,4,5,0
8,53,51,93,7,5,0
7,98,42,54,6,3,0
8,59,77,57,4,3,1
3,88,47,95,7,5,0
6,64,69,51,8,2,1
1,79,46,60,5,4,0
7,63,44,52,6,4,0
1,53,44,77,6,2,0
9,65,92,49,7,2,1
1,77,68,67,4,5,0
1,62,42,84,8,3,0
7,61,61,97,7,2,0
2,87,38,30,5,3,0
5,96,69,36,5,1,1
8,58,49,86,5,4,1
8,85,92,41,7,5,1
3,90,73,34,8,4,0
7,42,67,79,6,5,0
3,81,89,71,4,1,1
6,58,77,41,6,4,0
6,48,47,47,8,1,0
3,67,45,95,6,5,1
7,59,84,46,7,2,1
3,84,68,97,5,4,1
8,46,97,91,8,1,1
4,53,88,70,8,4,0
1,48,91,63,6,4,0
4,98,42,99,7,4,0
7,99,35,74,6,3,0
4,94,89,87,6,1,1
6,96,43,80,8,1,0
9,99,83,63,6,4,1
1,58,33,73,5,2,0
5,86,68,44,6,4,0
7,91,54,99,5,3,1
1,53,61,79,8,5,0
4,95,88,61,7,3,1
6,77,92,96,5,2,1
2,92,67,32,7,4,0
5,75,82,80,7,1,1
1,79,96,96,5,4,0
6,56,57,77,8,2,1
6,69,32,46,4,1,0
4,48,51,36,7,3,0
8,72,67,42,7,5,0
4,95,91,95,8,5,1
8,91,86,33,8,4,1
8,64,35,39,6,3,0
5,53,61,46,8,2,0
4,50,39,81,7,5,0
2,92,32,35,5,3,0
3,74,88,98,4,4,0
3,80,78,38,6,1,1
4,98,88,50,5,4,1
4,53,60,53,4,4,0
5,69,98,33,4,3,0
4,80,91,53,4,5,0
8,43,81,88,5,3,1
6,98,70,32,6,1,0
6,43,60,97,6,3,0
8,67,51,69,4,2,0
7,47,33,77,5,4,0
8,41,42,83,4,5,0
2,80,74,64,8,1,0
9,85,71,85,6,4,1
1,61,78,69,7,3,1
8,80,49,97,4,2,1
4,95,83,75,8,3,1
4,94,65,42,6,4,0
5,55,30,56,5,1,0
8,68,44,35,6,5,0
5,88,46,46,5,4,0
8,87,53,65,5,1,1
1,69,87,31,4,4,0
9,51,52,81,4,2,1
6,74,75,95,6,3,0
3,50,37,81,8,5,0
8,85,88,72,6,1,1
9,89,88,51,7,5,1
6,60,42,84,5,5,0
7,60,68,96,5,5,1
1,44,57,89,4,1,0
5,87,90,87,8,1,1
5,59,45,41,4,5,0
4,76,31,98,7,3,0
6,42,46,68,6,4,0
7,83,59,42,6,5,1
9,72,42,70,8,2,1
1,92,42,86,4,5,0
6,48,72,82,4,1,0
7,48,50,41,7,4,0
3,43,84,42,6,2,0
8,74,69,86,4,4,1
5,56,44,69,8,4,0
9,73,81,74,6,2,1
5,63,82,64,7,5,0
9,71,81,32,8,5,1
4,40,59,34,5,5,0
9,47,62,40,7,3,0
5,84,86,85,8,5,0
9,62,81,39,4,2,1
3,86,38,63,5,3,1
4,79,83,96,7,5,0
9,51,30,60,4,3,0
6,93,73,95,5,2,1
2,51,38,99,6,5,0
7,85,61,70,4,1,0
2,86,44,92,8,2,1
2,54,41,61,7,4,0
1,80,86,49,5,4,0
3,58,37,86,4,2,1
6,65,56,79,6,4,1
8,91,91,54,7,2,1
9,68,41,41,7,1,1
7,61,94,68,4,2,1
4,79,71,46,6,5,0
6,60,91,74,5,5,0
5,90,40,40,4,3,0
8,77,72,99,5,4,1
1,59,46,52,7,4,0
1,96,61,99,5,2,1
6,68,69,67,6,4,1
2,90,52,31,8,5,0
5,43,85,66,6,1,1
1,94,35,78,5,2,0
7,46,79,81,4,4,0
1,67,66,62,7,5,0
4,67,93,51,8,3,1
9,43,83,34,4,4,0
1,61,78,47,4,1,0
4,51,40,67,6,1,0
6,84,78,66,5,4,0
6,42,50,93,6,4,0
8,61,95,39,5,5,1
1,83,92,71,6,4,0
7,41,57,77,4,3,1
1,63,46,73,7,5,0
7,73,35,45,5,2,1
3,66,48,83,8,3,1
8,94,85,64,8,5,0
3,80,57,57,4,5,0
1,40,95,31,6,1,0
8,47,67,42,6,5,1
3,62,66,70,4,3,0
2,77,97,88,8,4,0
1,45,78,98,8,3,1
3,61,72,82,6,2,0
2,64,65,74,5,5,0
2,57,87,49,7,5,0
6,56,42,53,5,5,0
1,51,81,90,8,5,0
2,45,87,87,5,1,1
6,65,61,56,7,1,0
3,66,89,55,5,4,0
4,47,87,36,5,5,0
1,58,85,71,5,2,0
8,99,57,76,5,4,1
7,81,30,82,4,5,1
7,40,71,88,8,1,1
3,96,77,67,7,2,1
3,68,69,98,8,4,0
2,84,92,82,4,2,0
1,88,33,44,4,5,0
7,74,67,55,4,3,0
7,79,56,77,4,2,0
2,53,38,48,5,2,0
7,74,45,38,8,1,1
8,87,85,93,6,5,1
1,84,60,83,7,2,0
9,59,43,80,4,5,0
7,95,54,68,8,1,1
3,88,63,33,4,5,1
8,52,96,32,4,1,0
7,77,53,93,4,1,1
8,88,55,58,4,4,0
6,85,49,40,4,5,0
9,88,93,87,7,3,1
5,47,39,56,8,4,0
3,82,96,50,4,1,0
3,59,53,68,4,3,0
1,99,34,75,4,2,0
8,72,96,95,4,2,1
2,65,87,65,5,4,1
3,78,56,94,5,3,1
8,60,44,92,6,5,0
8,92,64,64,4,3,1
4,88,82,60,6,4,0
4,81,73,57,7,5,0
5,82,55,30,6,5,0
6,93,76,54,8,2,1
5,80,63,72,5,3,1
7,48,79,96,5,5,0
2,63,41,92,4,4,0
7,76,33,80,4,2,0
7,88,77,31,7,5,1
1,80,84,93,7,3,1
7,56,30,98,8,2,1
5,63,95,38,4,3,0
3,60,59,31,4,3,0
3,90,32,63,7,3,0
4,98,50,89,7,2,0
2,78,78,90,7,5,1
2,94,91,60,5,1,0
1,80,67,39,6,5,0
5,78,44,65,6,2,0
4,52,81,78,4,1,1
2,50,75,99,5,1,0
3,85,54,78,7,1,1
7,58,50,32,4,4,0
7,50,34,34,5,2,0
4,52,99,90,8,4,0
5,85,76,55,5,1,0
5,84,97,34,4,4,1
6,40,47,44,6,4,0
9,79,50,45,7,2,1
2,83,52,30,8,3,0
5,58,93,45,5,4,1
3,51,96,66,4,4,0
4,47,69,32,4,1,0
6,47,39,81,7,1,0
8,92,81,76,4,1,1
1,84,90,42,4,5,0
8,51,93,84,7,4,1
7,87,34,50,8,1,1
1,72,82,95,6,2,1
2,84,84,83,6,5,1
3,65,66,56,5,3,0
1,78,85,67,8,4,1
9,67,88,87,5,4,1
8,97,98,91,6,2,1
2,44,88,75,7,3,0
9,47,31,40,4,3,0
7,64,94,37,6,5,0
9,66,89,93,8,4,1
6,85,80,50,6,1,1
6,62,59,92,8,2,1
4,69,40,93,8,2,1
2,84,68,49,8,2,0
7,86,92,37,5,2,0
5,62,93,87,7,1,0
6,88,90,75,6,1,1
2,86,83,60,7,5,1
5,59,87,38,4,4,0
4,57,85,44,6,1,0
9,57,63,55,7,5,0
6,41,60,39,7,3,0
2,43,81,58,4,4,0
1,69,30,65,8,1,0
5,72,84,66,6,3,0
9,75,51,52,6,5,0
6,57,69,70,4,1,0
7,76,30,57,8,1,1
5,58,94,77,6,3,0
6,86,92,67,6,1,1
5,67,83,60,6,2,0
9,79,71,43,8,1,1
6,59,50,58,4,4,0
8,88,51,80,6,3,1
2,72,67,78,7,4,0
9,51,37,72,8,5,0
5,97,91,34,5,4,0
7,90,76,71,4,2,1
1,54,46,36,7,2,0
5,80,46,71,6,4,0
2,78,42,65,5,5,0
6,41,46,56,4,1,0
1,68,67,87,8,2,1
3,80,74,75,5,4,1
5,49,35,95,5,4,0
4,41,64,54,7,4,1
3,90,43,56,4,1,0
5,50,90,30,7,3,0
8,52,44,71,7,5,0
4,49,83,81,6,3,0
1,53,56,54,8,5,0
7,57,42,83,5,5,0
8,90,60,96,4,4,0
3,93,64,35,8,2,1
6,48,89,87,8,4,1
2,96,35,99,4,1,0
7,78,98,82,8,5,1
8,67,87,95,6,2,0
6,42,78,87,8,5,1
6,59,52,31,6,5,0
5,45,63,51,5,4,0
8,66,55,66,5,2,1
1,92,76,49,7,2,1
4,41,34,53,6,5,0
4,68,49,94,5,2,0
3,77,35,94,8,2,0
3,42,99,30,4,4,0
4,55,88,32,4,3,0
1,69,93,75,6,1,0
2,79,47,84,7,3,0
9,41,33,93,8,2,0
2,56,46,74,6,5,0
5,80,43,55,4,1,1
9,51,42,94,6,1,1
9,74,36,53,8,5,1
8,82,73,64,5,1,1
1,40,44,53,8,5,0
1,94,48,57,5,1,0
9,84,92,45,5,3,1
8,54,64,88,5,1,1
9,65,64,83,6,4,1
7,76,48,45,4,5,0
3,60,49,44,6,1,0
3,88,64,40,4,5,0
2,70,61,94,8,4,0
5,64,77,97,7,1,0
3,62,73,72,8,1,0
6,63,53,98,6,4,0
2,96,90,42,6,4,0
3,77,46,39,4,4,0
5,67,79,70,6,5,1
1,60,94,79,5,4,0
1,93,61,88,6,5,0
9,82,65,68,4,3,1
7,57,42,32,4,1,0
1,75,99,36,5,1,0
8,74,87,78,4,2,1
3,84,43,55,7,3,0
8,94,66,62,8,4,1
5,48,97,77,6,4,1
1,92,69,31,7,3,0
7,77,88,61,6,4,1
5,97,45,33,7,2,0
6,69,91,49,6,5,1
6,99,33,65,5,1,1
8,83,74,61,4,3,1
9,73,57,57,4,1,0
2,71,95,30,5,5,0
9,42,60,89,7,3,1
9,42,32,85,8,5,0
7,67,37,64,7,4,0
1,83,53,59,4,4,0
7,54,44,83,8,4,1
5,80,72,65,6,5,0
6,62,60,84,8,5,1
7,79,74,87,7,5,0
5,50,95,94,5,1,0
7,87,37,98,6,5,1
9,71,86,80,7,4,1
3,97,59,51,6,2,1
8,98,47,82,8,5,1
2,96,98,65,4,2,0
7,93,68,97,7,4,0
2,75,89,65,5,5,0
4,99,72,81,8,1,0
7,72,74,82,7,1,1
3,63,52,79,5,2,1
2,78,98,70,7,1,1
7,73,35,47,8,1,0
1,95,85,51,7,1,0
8,67,33,95,6,4,1
3,76,52,50,8,1,0
2,46,35,73,7,3,0
3,43,61,76,4,5,1
5,76,47,68,7,1,0
8,95,44,58,6,1,1
7,40,69,83,5,1,1
7,40,35,46,5,3,0
7,86,92,89,5,1,0
8,59,96,60,4,1,1
1,58,40,78,6,5,0
4,68,72,31,8,3,0
6,49,46,77,5,3,0
9,99,33,43,6,1,0
2,57,92,88,7,3,1
1,67,97,87,4,2,0
2,74,70,87,6,3,0
7,82,34,80,6,3,1
3,86,61,31,8,3,0
2,70,99,70,6,4,0
7,66,64,45,8,4,1
2,50,51,33,4,4,0
3,88,94,41,4,3,1
7,88,51,58,7,2,1
4,77,40,36,8,3,0
1,44,32,43,8,1,0
5,47,38,41,5,2,0
9,73,89,34,5,4,0
8,87,43,61,7,5,0
9,91,47,72,4,2,0
9,95,52,98,5,4,1
7,51,76,74,6,2,1
4,77,98,38,4,2,1
5,40,76,78,6,3,0
1,70,59,62,8,1,1
1,43,54,47,4,5,0
3,88,57,38,7,4,0
8,84,54,91,8,2,1
2,89,87,86,8,5,0
4,44,70,58,6,2,0
2,69,54,54,8,1,1
5,95,77,44,5,5,0
9,63,39,35,4,4,0
1,98,40,71,5,2,0
5,42,50,58,6,1,0
9,50,74,33,6,5,0
1,84,36,86,4,2,0
9,43,93,78,8,2,1
8,65,93,73,7,4,0
4,66,31,43,6,1,0
5,85,71,32,4,3,1
5,93,83,91,7,2,1
6,82,45,93,8,5,0
7,66,47,74,6,4,0
8,81,88,87,4,4,0
8,90,45,49,4,2,1
2,89,35,87,4,2,1
9,45,86,86,6,2,0
7,98,76,97,7,3,1
4,54,77,81,4,2,1
4,92,71,66,8,1,1
8,69,89,37,4,5,0
4,81,33,73,7,2,1
6,76,31,34,6,3,0
5,97,88,98,4,5,1
3,76,56,60,4,4,0
2,81,56,74,8,2,1
9,99,36,38,8,5,0
9,76,92,61,4,4,0
1,74,75,62,4,3,0
3,62,92,96,8,1,1
8,45,41,59,7,2,0
6,43,42,58,5,1,0
5,57,72,32,5,3,0
5,99,46,86,4,5,0
6,48,92,59,8,5,1
7,88,65,38,6,3,1
1,68,37,55,6,3,0
9,52,98,31,5,2,0
3,98,65,91,7,4,1
4,86,57,32,5,1,0
1,91,76,75,4,1,1
3,56,59,97,7,5,0
2,84,52,54,6,5,0
2,71,45,80,8,2,0
1,87,43,42,8,3,0
8,61,81,73,4,1,1
3,43,66,64,5,2,0
3,44,58,84,4,5,0
6,76,96,38,8,5,1
8,80,44,31,6,1,1
9,88,76,90,8,5,1
9,52,75,70,7,5,0
4,73,81,73,8,4,1
5,84,48,93,8,3,1
2,61,50,60,7,5,0
9,92,93,76,5,4,1
8,98,66,31,8,2,0
3,62,56,98,4,5,0
9,90,84,87,8,2,1
3,42,58,73,4,5,0
9,81,49,85,7,1,1
2,73,54,72,8,4,0
9,71,99,63,7,4,1
8,84,92,59,7,1,1
9,90,65,99,5,3,1
5,97,31,84,8,4,1
2,88,51,96,4,2,0
8,60,45,42,4,4,0
6,85,47,32,8,3,0
8,83,98,55,5,2,1
5,60,83,86,5,2,1
2,83,59,53,5,1,0
6,50,74,82,4,5,0
5,78,48,99,7,1,1
5,43,63,72,5,5,1
1,90,42,89,4,1,0
2,40,72,87,4,5,0
8,67,91,78,7,4,1
3,63,51,71,8,2,0
3,74,81,95,8,5,0
8,52,81,40,5,4,1
8,86,65,47,5,3,1
2,73,48,81,7,1,1
8,50,67,75,5,3,0
1,75,99,73,7,4,1
6,90,86,51,4,3,1
8,56,49,82,5,3,1
3,74,38,88,4,4,0
8,99,61,59,6,2,1
1,57,33,37,7,5,0
9,79,79,86,6,1,1
9,61,34,49,5,5,0
5,96,49,54,4,1,0
4,63,66,48,5,5,0
6,97,51,34,6,3,1
7,58,87,56,5,2,0
5,76,97,69,8,3,1
9,78,73,55,6,2,1
3,60,63,56,5,4,0
7,47,71,91,4,1,1
5,67,38,79,5,1,0
7,44,36,71,4,4,0
2,56,97,58,8,5,1
4,76,48,68,5,4,0
2,75,60,89,8,4,1
7,93,64,70,6,2,0
2,58,86,62,4,4,0
1,66,90,45,6,1,1
9,92,60,52,4,3,0
1,73,82,36,8,2,1
8,50,61,55,7,2,1
2,93,95,41,5,5,1
8,84,88,34,8,3,0
3,86,39,98,4,2,0
6,51,31,78,4,4,0
3,93,95,55,4,2,1
7,60,89,34,4,2,0
9,93,46,51,5,2,0
2,50,45,42,6,5,0
5,78,45,57,7,2,0
6,67,75,62,5,2,0
4,44,68,52,4,5,0
4,56,60,47,5,3,0
4,95,30,59,8,1,0
2,59,40,55,4,5,0
4,80,33,45,7,5,0
1,85,55,68,4,2,0
6,97,79,62,7,2,1
1,51,41,55,7,1,0
6,45,94,77,6,2,1
1,56,76,94,6,4,1
6,90,82,67,5,2,0
8,58,31,31,5,2,0
2,65,53,35,7,4,0
2,87,33,75,4,1,0
4,83,48,79,8,4,0
3,83,55,67,8,5,1
4,91,69,47,4,4,0
7,71,79,56,4,3,1
1,45,72,70,6,5,0
6,94,96,46,8,2,1
3,97,41,91,7,5,0
7,75,96,58,5,1,1
2,77,56,87,6,1,0
2,50,83,99,8,4,1
4,72,95,51,4,5,1
1,63,78,35,8,2,0
3,62,45,55,7,1,0
9,54,31,68,6,2,0
7,66,89,41,4,3,1
7,50,83,43,7,1,1
4,96,59,51,5,4,1
2,90,67,80,6,3,0
4,89,57,52,7,5,0
6,56,54,77,7,2,1
3,90,39,79,4,1,0
1,92,89,42,5,3,0
8,53,71,39,7,3,1
5,66,69,84,6,1,1
5,57,71,38,7,5,0
4,67,76,81,8,5,0
6,90,66,31,6,4,1
3,86,51,54,6,5,1
9,86,86,42,7,4,0
5,43,56,80,4,3,0
3,46,70,87,6,1,0
1,84,63,63,8,5,1
6,74,61,64,4,4,1
2,87,95,32,4,3,0
3,48,41,88,4,5,0
1,47,69,99,6,2,0
9,91,39,77,4,3,1
8,84,77,93,7,5,1
2,56,49,48,4,3,0
8,56,68,96,8,1,0
9,88,89,34,5,1,1
1,72,95,96,8,1,1
5,71,94,40,6,2,1
8,47,80,97,4,1,1
2,58,65,98,4,2,0
4,77,53,30,7,1,0
7,42,56,92,4,3,0
3,98,31,58,8,5,0
5,44,60,41,6,5,0
8,52,86,70,5,1,1
3,86,95,31,4,5,1
4,85,58,66,5,1,1
9,70,44,74,4,1,1
7,94,41,77,6,4,0
1,55,57,53,8,4,0
4,89,53,51,6,4,0
4,71,50,40,5,2,0
9,61,39,87,4,4,0
6,68,47,75,5,1,0
9,61,43,58,8,3,1
6,82,63,64,6,4,0
6,42,87,44,5,4,1
5,93,51,89,5,3,0
5,49,99,71,8,1,0
2,81,65,72,4,2,0
8,60,74,78,5,4,1
8,55,65,93,8,3,0
1,51,51,61,4,1,0
8,41,90,93,4,5,0
5,80,85,31,6,2,0
2,63,62,53,8,3,0
2,74,74,95,4,3,1
6,95,65,67,6,3,1
9,69,49,60,7,4,0
1,96,47,55,8,5,0
6,69,67,58,7,2,1
9,86,96,96,4,1,1
8,74,52,54,8,1,1
6,58,45,77,6,5,0
3,89,88,94,4,3,1
8,47,98,82,8,3,1
9,65,97,96,8,3,1
1,88,50,47,7,3,0
9,79,99,38,4,3,1
6,46,41,67,6,5,0
6,69,45,50,6,4,0
4,46,43,94,4,2,0
1,42,90,50,4,3,0
8,40,75,56,5,4,0
2,75,61,99,7,1,1
1,64,44,73,4,5,0
2,76,73,57,4,4,0
1,40,46,74,5,3,0
1,54,70,46,5,3,0
9,76,83,69,8,3,1
1,52,73,32,6,4,0
4,79,34,95,7,3,0
6,47,56,75,8,4,0
7,44,72,59,4,3,0
2,99,60,98,5,1,1
6,48,46,38,6,1,1
7,40,83,40,8,2,0
2,75,91,98,6,3,1
2,74,61,95,5,3,0
7,41,69,60,8,4,0
1,79,42,62,8,4,0
8,62,64,68,6,3,0
3,48,34,75,5,2,0
6,73,58,66,4,3,1
9,85,99,89,8,4,1
6,53,54,60,4,3,0
9,43,51,40,5,4,0
7,69,95,31,8,3,0
9,70,74,56,8,5,0
2,77,98,31,4,4,0
8,50,30,50,7,2,0
8,74,73,87,4,5,1
2,47,68,34,4,3,0
4,42,83,81,7,4,0
7,53,58,74,5,5,1
4,99,83,49,5,2,1
4,52,45,90,8,4,1
6,84,49,67,6,5,0
6,71,75,49,6,5,0
3,73,96,54,8,5,1
9,84,94,31,6,1,0
2,58,87,61,4,3,0
6,98,82,55,4,4,1
7,77,30,99,7,4,0
9,55,95,70,7,4,0
3,41,58,96,8,5,0
3,79,99,30,8,3,1
7,56,37,80,8,2,0
4,94,58,34,4,4,1
8,73,80,42,6,3,0
7,81,62,48,8,3,0
5,99,32,41,8,1,0
7,55,89,77,4,4,0
3,77,64,54,4,5,0
2,99,98,86,4,3,0
6,41,49,64,6,3,0
2,41,68,34,8,2,0
3,65,33,51,5,1,0
6,52,48,86,5,3,0
5,95,74,76,8,3,1
8,86,72,83,8,5,1
9,70,42,32,8,5,0
3,99,42,82,8,2,1
3,73,89,60,6,2,0
3,78,86,98,5,2,0
6,42,81,62,7,5,0
1,47,82,79,5,5,0
7,62,72,45,5,1,0
1,53,71,68,4,4,0
5,95,55,75,8,4,0
8,94,52,76,8,1,1
4,66,72,73,8,4,0
5,93,57,38,4,5,0
4,68,38,79,6,4,0
4,78,49,89,6,5,0
8,92,85,44,7,1,1
2,78,68,65,6,2,0
1,40,80,92,6,1,0
3,56,41,98,8,4,0
9,80,84,70,5,5,1
4,69,40,53,6,4,0
5,92,55,78,6,4,0
2,52,71,47,4,2,0
4,60,56,36,7,4,0
2,58,40,33,4,2,0
2,92,67,98,8,5,1
4,58,72,89,5,5,0
6,96,48,84,7,2,0
7,64,93,45,4,1,1
3,61,35,58,6,5,0
3,70,75,52,6,1,0
6,56,71,43,7,5,1
3,94,94,78,6,5,1
2,62,88,62,4,3,0
8,71,81,54,4,4,1
5,49,76,50,6,4,1
1,49,36,46,6,1,0
3,75,40,52,8,4,0
8,47,90,86,5,1,1
4,93,97,87,7,5,1
7,91,54,43,4,3,0
2,59,41,49,7,3,0
7,71,55,59,8,5,0
5,89,41,48,4,2,0
5,53,72,82,8,2,0
6,89,80,85,8,4,1
9,67,66,52,6,1,1
6,85,75,91,7,3,1
8,91,82,62,7,4,1
7,92,42,47,6,5,0
9,63,83,62,7,3,1
4,54,86,61,6,1,0
2,61,33,90,4,1,1
7,69,78,83,8,2,1
6,43,36,46,8,4,0
1,52,40,48,7,5,0
9,98,83,99,5,3,1
9,62,74,63,8,1,1
2,47,52,54,6,3,0
3,57,57,97,5,5,0
5,51,86,40,5,3,1
5,94,55,45,8,4,0
1,70,54,90,8,2,0
8,53,83,36,8,3,1
8,73,58,45,6,2,0
4,57,65,45,5,5,0
7,95,43,69,7,2,0
3,73,64,41,6,3,0
6,50,59,64,4,3,0
9,80,46,50,8,1,1
1,51,96,79,5,3,1
5,88,59,72,6,2,1
4,54,74,46,4,1,1
8,96,80,61,6,3,1
1,70,76,70,6,3,0
9,88,82,35,7,5,1
6,97,93,56,7,1,1
4,68,67,49,6,5,0
9,65,93,54,4,5,0
5,57,36,95,5,5,0
5,71,51,38,5,4,0
5,61,70,82,8,5,0
1,77,39,90,8,2,0
1,56,86,67,5,3,0
8,62,36,32,6,4,0
8,63,79,99,6,5,1
6,89,81,84,7,3,1
4,47,62,30,7,1,0
2,80,30,99,8,1,0
2,45,82,74,5,3,0
9,44,89,76,6,2,1
5,83,63,55,5,3,0
4,96,33,43,4,3,0
1,68,46,83,5,4,0
7,67,33,75,4,1,0
3,50,72,60,7,1,0
6,96,33,88,7,5,0
5,40,30,58,8,3,0
5,82,79,46,5,3,0
5,58,90,43,5,2,0
1,48,64,65,4,1,0
1,66,37,87,7,2,0
3,73,53,53,4,4,0
4,83,65,92,7,5,0
5,43,79,54,4,2,1
2,75,72,88,7,1,1
8,57,56,61,4,4,0
2,54,61,47,7,3,0
9,90,47,66,4,4,1
2,52,57,55,5,2,1
9,58,58,38,8,1,0
7,88,45,93,4,2,0
8,45,76,49,8,3,0
2,87,88,83,5,3,1
7,95,60,59,5,1,1
6,51,33,82,7,5,0
4,90,66,92,8,4,1
7,76,46,40,6,4,0
4,56,68,60,7,3,0
2,97,77,78,8,2,1
7,62,75,48,4,2,1
8,65,77,41,4,5,0
2,68,68,44,5,2,0
5,72,33,60,6,4,0
1,99,59,72,4,2,0
7,66,59,66,8,5,0
8,64,51,58,8,4,0
6,95,95,55,4,2,1
5,94,41,31,8,4,0
6,49,65,44,8,3,0
2,86,47,33,5,3,0
1,62,82,79,6,3,1
7,60,30,67,5,2,0
7,60,87,52,6,5,0
2,82,35,88,8,4,0
2,52,99,57,6,1,0
1,76,73,95,8,3,1
8,72,53,37,8,3,1
8,63,48,58,5,1,1
1,83,47,40,5,1,0
8,50,59,47,7,2,1
9,56,71,84,4,4,0
4,43,62,79,7,3,0
1,86,41,43,7,5,0
1,64,56,38,6,2,0
3,69,68,40,8,2,0
5,48,38,92,8,5,0
5,60,50,96,8,5,0
9,59,58,82,4,5,1
2,58,62,68,6,1,0
2,58,91,85,6,3,1
6,51,44,57,8,1,0
9,76,31,68,7,3,1
1,81,81,54,4,1,0
9,56,73,50,7,4,1
9,76,83,39,5,3,1
9,93,47,72,6,2,0
5,87,32,44,6,3,0
9,78,36,77,7,3,1
4,67,72,50,4,3,0
2,80,67,89,6,4,0
6,74,66,79,7,1,1
4,86,87,52,4,2,1
6,87,62,42,7,1,1
3,57,88,98,4,1,1
6,53,40,33,8,5,1
2,74,97,38,4,4,0
2,83,97,64,5,5,1
9,80,51,50,8,4,1
7,99,95,87,7,1,1
3,46,73,47,8,1,1
1,80,35,72,8,4,0
8,52,71,35,7,1,1
6,57,54,96,7,1,0
7,76,86,41,5,2,0
9,52,84,41,7,5,1
5,75,45,95,6,5,1
1,70,43,31,6,5,0
7,41,68,44,5,3,0
5,55,57,52,4,2,0
3,48,80,58,4,5,1
9,48,78,36,6,5,0
1,77,38,57,7,2,0
1,50,87,43,5,1,0
1,93,74,73,4,5,1
3,95,51,59,4,1,1
6,61,61,61,8,5,1
3,72,98,99,6,4,1
8,75,98,35,7,3,1
2,84,71,56,5,5,0
9,62,82,53,4,4,0
3,84,88,63,8,2,0
5,84,68,69,6,4,0
8,73,44,76,6,2,1
2,48,58,53,5,5,0
6,63,32,94,4,2,1
5,47,39,47,5,4,1
9,46,58,73,5,3,1
5,75,64,86,8,1,0
2,57,35,57,6,1,0
5,42,41,52,7,3,0
4,67,67,63,6,1,1
7,45,48,40,6,5,0
6,83,96,64,8,5,1
2,83,37,71,7,4,0
5,60,37,57,4,4,0
7,67,76,53,7,2,0
7,79,33,37,4,4,0
5,93,80,82,7,5,1
9,93,96,33,5,4,1
4,40,74,34,7,1,0
3,75,37,78,8,2,0
4,60,45,59,4,2,0
5,99,96,92,6,5,1
6,82,38,76,8,4,0
3,74,89,55,4,1,0
2,52,44,86,4,4,0
4,96,70,66,6,3,0
5,88,51,36,5,4,1
4,93,53,69,8,5,1
3,93,73,68,6,4,1
8,49,30,91,6,2,1
4,92,39,82,5,1,1
2,83,85,33,8,5,0
2,86,79,54,6,3,0
1,92,41,36,5,1,0
4,49,89,57,8,1,1
9,85,55,98,7,2,1
7,52,70,96,4,2,0
7,76,65,49,5,2,1
7,77,52,40,4,5,0
8,63,72,96,7,4,1
1,41,35,36,6,1,0
8,61,98,52,6,4,0
4,56,72,90,8,4,1
4,75,54,63,5,2,1
4,53,47,48,5,4,0
6,49,91,87,8,1,1
7,74,42,38,4,1,0
6,64,72,77,6,3,1
1,42,57,70,6,5,0
8,86,47,77,5,4,1
7,77,88,74,5,5,0
6,56,89,54,8,5,0
6,51,92,54,7,5,0
5,93,86,48,4,5,1
6,91,80,68,7,1,1
9,63,85,56,7,4,1
9,68,56,92,5,3,1
8,82,61,97,5,5,0
9,64,38,48,5,3,0
8,75,97,57,7,1,1
8,97,75,62,4,1,1
1,99,96,39,5,2,0
5,65,55,59,6,5,0
4,77,37,51,4,2,0
2,40,35,32,6,3,0
8,59,53,77,4,4,0
3,94,77,31,5,2,0
4,67,74,83,8,1,1
7,55,42,35,5,5,0
9,86,98,69,7,3,1
2,56,54,31,7,1,1
3,79,49,31,4,4,0
4,67,95,84,7,5,0
1,97,74,89,5,4,0
7,51,76,35,6,4,0
2,66,92,48,5,5,1
5,93,84,56,4,5,0
1,92,48,30,7,4,0
3,81,64,62,6,3,1
2,98,82,69,8,5,1
1,86,55,61,6,1,1
7,69,43,98,6,2,0
5,80,74,46,5,3,0
1,73,73,37,8,5,0
6,76,94,86,4,5,1
5,45,80,71,4,3,0
3,46,72,38,6,2,0
7,71,52,64,6,4,0
9,71,85,82,7,1,1
9,92,48,83,8,5,1
9,64,84,54,6,2,1
2,72,89,96,7,1,1
3,94,88,91,8,3,1
7,97,62,84,4,5,1
5,46,48,75,7,4,0
2,91,57,53,8,3,0
3,96,81,75,7,5,1
6,51,78,51,6,2,0
7,55,66,40,5,1,1
9,55,55,77,4,1,1
1,82,69,37,6,5,0
7,92,67,68,6,3,1
8,75,83,64,8,4,1
3,52,51,78,7,2,1
4,46,45,75,4,5,0
6,75,57,67,6,2,0
7,86,64,37,8,1,1
4,90,89,83,4,4,1
8,48,74,66,7,2,0
5,71,75,69,6,5,1
1,50,84,63,6,4,0
4,47,55,46,6,3,0
3,72,54,62,4,5,0
9,62,94,76,4,2,1
8,64,35,81,4,4,0
1,95,52,38,4,5,0
6,47,93,62,8,4,0
9,84,72,89,5,4,1
7,61,52,50,8,4,0
4,98,59,87,6,2,0
1,43,47,98,8,5,0
2,79,50,39,7,1,0
5,42,86,35,4,1,0
5,68,52,42,7,2,0
8,80,74,94,7,2,1
6,68,73,49,6,4,0
8,73,76,86,4,5,1
2,73,69,75,7,5,1
3,67,80,37,6,3,0
6,52,71,39,4,3,0
3,54,36,96,5,1,1
6,99,79,40,6,3,1
6,62,77,41,8,3,0
2,83,35,39,4,1,0
7,65,38,54,7,1,0
2,43,86,78,7,3,1
6,65,60,78,8,5,1
1,79,50,40,8,3,0
3,48,69,91,7,4,0
2,94,74,65,4,4,0
7,44,78,68,6,4,0
4,95,49,82,8,2,1
8,71,46,85,8,4,1
6,59,57,30,8,5,0
4,89,70,85,5,2,1
5,50,95,33,4,2,0
9,54,54,59,4,4,0
7,71,87,41,4,3,0
9,67,70,64,4,1,1
7,61,35,81,4,3,1
1,80,67,60,7,3,0
8,56,35,97,8,2,0
4,98,74,81,7,2,1
3,65,43,36,5,2,0
7,83,95,51,6,5,1
3,46,69,85,8,5,0
8,81,32,87,5,1,0
6,96,53,93,7,2,1
5,65,48,41,6,4,0
4,64,47,36,5,2,0
8,49,93,84,6,5,1
8,98,64,91,5,2,1
1,84,91,84,7,5,1
9,58,30,65,6,2,0
5,50,54,53,5,4,0
4,52,74,73,7,1,1
6,92,78,46,8,4,0
6,47,45,31,7,5,0
2,79,48,42,7,3,0
8,43,52,60,8,4,0
7,86,54,57,7,2,0
1,70,45,89,8,1,0
5,67,83,56,8,2,1
6,50,30,44,8,2,0
4,82,71,62,5,4,1
2,40,48,49,6,1,0
4,88,63,71,5,3,1
1,86,84,41,8,2,1
7,91,47,52,6,1,1
2,77,63,43,6,3,0
2,63,74,54,8,2,0
9,93,35,60,6,1,0
5,99,50,83,6,4,1
2,96,99,34,5,2,0
9,86,77,42,6,2,1
9,70,68,57,8,1,1
1,80,60,72,4,2,1
3,85,39,76,4,3,0
4,89,59,67,4,2,0
7,65,47,96,8,5,0
4,88,89,91,4,3,1
2,89,44,68,5,1,1
7,44,33,66,8,3,0
6,59,92,37,8,5,0
3,91,69,81,8,5,0
6,80,38,62,6,2,0
6,50,38,71,6,2,1
5,95,55,56,6,4,0
4,93,33,37,7,3,0
1,72,45,52,5,4,0
6,89,44,93,8,5,1
2,77,81,49,8,2,0
3,66,98,45,6,2,0
8,73,34,46,8,2,0
6,54,49,48,8,1,0
3,71,47,37,4,5,0
7,97,31,67,8,2,0
4,60,42,67,7,5,0
9,85,33,82,6,2,0
5,44,71,60,5,3,0
3,45,90,73,5,5,0
2,77,37,89,4,4,1
2,61,96,46,5,1,0
3,57,92,68,5,4,0
2,53,38,71,6,5,0
4,49,40,77,6,2,0
2,85,71,41,7,5,0
9,52,42,47,4,1,0
2,70,65,35,5,5,0
9,69,42,72,7,2,1
6,42,41,64,4,4,0
1,69,66,83,5,3,0
4,45,81,91,5,4,1
1,68,31,98,6,2,0
6,47,85,45,8,2,0
4,83,89,37,4,1,1
3,84,52,60,5,5,1
3,82,69,39,4,5,0
9,83,93,85,7,4,1
6,72,52,99,7,3,1
9,56,58,49,8,3,0
5,87,80,34,5,1,1
2,50,98,52,6,2,0
8,52,60,38,5,1,1
5,89,79,87,4,5,1
2,50,49,88,7,2,1
4,70,84,83,4,1,0
9,67,31,75,8,4,0
4,83,54,51,7,5,1
4,45,42,93,6,3,0
2,80,99,37,7,1,0
6,55,96,49,5,5,0
2,43,87,80,5,5,0
7,74,93,68,7,3,1
3,99,98,66,8,3,0
3,87,88,79,5,3,0
5,95,89,63,5,1,1
3,98,91,62,6,3,1
2,65,45,60,7,4,0
9,96,97,83,5,5,1
2,51,44,73,8,3,0
2,50,84,63,4,5,0
8,76,64,91,7,2,0
9,64,84,52,6,2,1
7,57,43,75,5,3,1
3,58,78,85,8,5,1
9,62,36,36,7,2,0
3,94,59,90,8,3,0
5,77,78,32,8,5,0
9,93,45,67,6,3,0
3,57,80,63,7,5,0
7,65,71,73,5,2,1
1,45,46,59,6,3,0
4,43,92,46,5,2,1
4,83,74,88,4,3,0
7,90,36,39,8,1,0
8,68,56,47,4,2,1
1,98,39,74,8,2,0
5,73,63,88,6,4,0
7,56,65,91,5,2,0
4,82,54,88,5,5,1
4,82,35,78,6,3,0
4,92,53,92,7,1,1
6,55,47,61,4,5,0
7,41,35,39,4,5,1
2,73,58,40,5,5,0
5,94,54,99,5,5,1
4,47,84,91,5,1,0
3,52,75,76,6,4,0
7,81,53,63,7,2,1
6,47,55,46,4,5,0
7,69,57,83,8,2,1
5,71,32,69,6,2,0
6,75,67,48,4,5,0
5,86,90,96,7,4,0
7,69,80,82,6,2,1
2,40,77,93,4,3,0
5,82,50,76,6,2,1
6,78,83,35,4,5,1
6,56,85,45,4,1,1
5,98,88,47,7,2,1
7,59,80,81,8,4,1
8,63,49,77,7,3,0
7,89,88,72,4,3,0
5,61,38,68,6,1,1
1,68,30,78,7,1,0
5,61,58,41,8,2,0
2,83,92,39,4,5,0
5,48,85,84,7,4,0
5,76,97,30,7,3,1
2,49,64,78,7,1,0
5,75,32,65,7,4,0
4,76,36,50,6,5,0
1,67,56,66,8,3,0
3,67,30,53,8,3,0
